pdb,Family,Coaxial,s1_id,s2_id,s3_id,sequence,dot_bracket
1J5E_001,A,red,584,647,750,GGCGGCCUG...CAGGCUAGAC...GUGACGCU,(((.(((((...)))))...((...))...)))
2AVY_29,A,red,585,647,748,GCGGUUUG...CAAGCUUGAGUC...GACUGACGC,((.(((((...)))))...((((...))))...))
1J5E_002,A,green,667,717,730,GGUGGUG...CGCCGAUGGCG...GGCAGCCACC,(((((((...).......(((...))).))))))
2AVY_32,A,green,667,708,731,GGGGGUAGAAUUCCAG...CUGGAGGAAUACCGGUGGC...GCGGCCCCC,((((((.....(((((...)))))............((...)).))))))
1J5E_003,A,red,823,853,866,GCGCUAGGUCU...GGGCCGAAGCU...CGCGUUAAGCGC,((((..(((((...)))))...(((...))).....))))
2AVY_35,A,red,821,855,867,GUCGACUUGGA...UCCGGAGC...GCGUUAAGUCGAC,((((((..(((...)))...((...)).....))))))
1J5E_004,A,red,1061,1103,1184,GUCGUCAGCUCG...CGAGCGCAACCCCC...GGGGACGACGUC,(((....(((((...))))).....((((...)))).....)))
2AVY_47,A,red,1059,1102,1186,CUGUCGUCAGCUCGU...ACGAGCGCAACCC...GGAUGACGUCAAG,((.......((((((...)))))).....((...)).........))
1S72_001,A,green,28,450,472,GCUCGG...CCGAUAGUGAACAAGUAGUG...AACGAACGC,((..((...))...............(((...)))....))
2AW4_5,A,green,31,444,467,CCCUGG...CCGAUAGUGAACCAGUACC...GGGAAAGG,((..((...))...............((...))....))
2ZJR_1,A,green,31,456,478,CCCUGG...CCGAUAGCGCAUAGUACC...GGGAAAGG,((..((...))..............((...))....))
1S72_002,A,green,50,64,102,GGACGU...GCGAUAAGCCAU...AUGGAUUUCC,((((((...))).....((((...))))...)))
2AW4_10,A,green,54,69,109,GGACG...CGAUAAGCG...CGAUUUCC,(((((...)).....((...))...)))
2ZJR_4,A,green,53,67,103,GGACGC...GCGAAAAGCCCCGA...UCGGGGAUGUCC,((((((...))).....((((((...))))))...)))
1S72_003,A,blue,1402,1697,1712,GCCUAAUGGAU...GUCCAUGGC...GCCAAGGC,(((....((((...))))..(((...)))..)))
2AW4_50,A,blue,1295,1622,1636,CGCCGGAAGACC...GGUCAGGUA...UACCAAGGCG,((((....((((...)))).((((...))))..))))
2ZJR_47,A,blue,1308,1638,1653,CGCCGUAAGGAC...GUCCGAGUG...CACUAAGGCG,((((....((((...)))).((((...))))..))))
1S72_004,A,green,1409,1679,1694,GGAUAAGG...CCGAGAACC...GGUGUCC,(((...((...)).....((...))..)))
1FG0_7,A,red,2129,2239,2254,UCGCUGAG...CUCUCACUC...GAGGACACCGA,(((..(((...)))...(((...))).....)))
2AW4_51,A,green,1303,1604,1619,GACCAAGG...CCCCAAACC...GGUGGUC,((((..((...)).....((...)).))))
1S72_006,A,green,2830,2844,2903,UCCCGCG...CGCGGUCGAUAG...CUAACAGA,(((((((...)))))....(((...)))...))
1S72_005,A,red,2129,2239,2254,UCGCUGAG...CUCUCACUC...GAGGACACCGA,(((..(((...)))...(((...))).....)))
2AW4_86,A,red,2087,2191,2222,GACACUGAACAU...AUGUUCUAACG...CGGACAGUGUC,(((((.((((((...))))))...((...))....)))))
2ZJR_82,A,red,2071,2165,2201,GCAUUGGGAUUCGGGUUUCU...AGAAACUUGGAUUUCUAACC...GGGACCGUGC,(((..(((((((((((((((...)))))))))))))))...((...)).....)))
2OIU_1,A,green,3,15,40,ACCUCGGC...GCCGUUC...GACAGGAGGU,((((((((...)))..((...))...)))))
1J5E_005,B,green,935,1342,1372,ACAAGCG...CGCUAGUAA...UGAAUACGU,((..(((...))).....(...)......))
1J5E_006,B,red,984,1043,1209,CCAGGCCUUGACAUG...CACAGG...CCUUACGGCCUGG,(((((((......((...))..((...))....)))))))
2AVY_40,B,red,984,1043,1209,CCUGGUCUUGACAUC...GACAGG...CCUUACGACCAGG,(((((((......((...))..((...))....)))))))
1J5E_007,B,blue,1001,1021,1032,AGGGAACC...GGGGUGCCC...GGGAGCCCU,((.....(...).....(((...)))....))
2AVY_42,B,blue,999,1021,1033,CACGGAAGUU...AAUGUGCC...GGAACCGUG,(((((...((...))....((...))..)))))
2ZJR_101,B,green,2786,2802,2855,GACUCCCGG...CCGGGUUAAGAG...CUCAUCAGUC,(((((((((...)))))....(((...)))...))))
2AW4_109,B,green,2811,2829,2880,GGAACGU...ACGUUGAUAG...CUAAUGAACC,((..(((...)))....(((...))).....))
1S72_007,B,red,789,821,851,CAAGA...UCUGUUAGAG...CUCGUG,(.(((...)))....(((...)))..)
2AW4_28,B,red,689,730,758,AGCCAUGGGCAGGU...ACCGAACCG...CGGAUGACUUGUGGCU,(((((((((..(((...)))...(((...)))....)))))))))
2ZJR_24,B,red,709,743,771,ACCAGGU...ACCGAACCG...CGGAUGAGU,((..(((...)))...(((...)))....))
1S72_008,B,red,1415,1439,1674,GGGUUCCUCAG...CUGAGGGUUAGCCGG...CCGUACC,((...((((((...))))))......(((...)))..))
2AW4_52,B,red,1309,1335,1599,GGGUUCCUG...CAGGGUGAGUCGA...UCGUACC,((...((((...))))......(((...)))..))
2ZJR_49,B,red,1322,1346,1614,GGGUUCCUGGG...CCCAGGGAAAGUCGGG...CCCGUACC,((...((((((...))))))......((((...))))..))
1S72_009,B,red,2327,2346,2366,AUCUCAGCCGGG...CCCGGCGAAGAG...CAAAAGAU,(((...((((((...)))))).....(...)....)))
1S72_012,B,green,772,862,879,GACGAUCUACGCA...UGCGUAGGGG...CCCAUCGAGUC,(((.....(((((...)))))...((...))......)))
2AW4_27,B,green,678,769,786,CCCGGUGAUCUAGCCA...UGGCUGGGGG...CCAAUCAAACCGGG,((((((...(((((((...))))))).((...))......))))))
2ZJR_21,B,green,691,785,799,CCAGGUGAGCUAA...UUAGGAG...CUAACCGAACCUGG,((((((...((((...)))).((...))......))))))
3D2G_0,B,green,3,36,68,GACCAGGG...CCCUUUGAACCU...AGGGAGUGUC,(((.((((...)))).....(((...)))....)))
2HOJ_0,B,green,9,48,80,GCGACUCGGG...CCCGUAUCACCU...AGGGAAGUCGC,((((((((((...)))).....(((...)))..))))))
1J5E_008,C,blue,46,357,393,GCCUAAGAC...GUUAGGAAUCU...AGC,(......((...))........(...).)
2AVY_3,C,blue,45,357,390,GGCCUAACAC...GUGGGGAAUAUUGCA...UGCAGCC,((.....(((...))).........(((...)))..))
1J5E_009,C,red,954,972,1219,GUUUAAUUCG...CGAAGAACCUUACCA...UGGGCGAC,((......((...))..........(((...)))...))
1J5E_010,C,green,1068,1081,1096,GCUCGUGCC...GGUGUUGGG...CCCGCAACGAGC,(((((((((...)))..((((...))))..))))))
1J5E_011,C,green,1113,1151,1173,CCCCGCCGUU...AACGGGACUGCCC...GGGAGGAAGGAGGGG,((((.(((((...))))).....(((...)))........))))
2AVY_49,C,green,1113,1149,1171,CCUUAUCCUUUG...CAAAGGAGACUGCCAGU...ACUGGAGGAAGGUGGGG,((...(((((((...))))))).....(((((...)))))..........))
1S72_010,C,green,27,479,500,UGC...GCUGCAAAGUACCC...GGAGGCGAAAUAGAGCA,(((...))..........((...))..............)
2AW4_21,C,green,16,473,493,CGUACACGGUGGAUGCC...GGCGAAAAGAACCCC...GGGGAGUGAAAAAGAACCUGAAACCGUGUACG,(((((((((......((...)).........((((...))))...................)))))))))
2ZJR_0,C,green,17,484,503,GUCCACGGUGGAUGCC...GGUGAAAAGAACCCC...GGGGAGUGAAAGAGAACCUGAAACCGUGGAC,((((((((......((...)).........((((...))))...................))))))))
1S72_011,C,blue,300,319,342,CGACGAAGUCUCU...AGAGCGUGAUACAGGG...CCCGUACUCG,(((......((((...)))).........(((...)))....)))
2AW4_18,C,blue,295,314,335,GUGGAAGCG...CGCGCGAUACAGGG...CCCGUACAC,(((...(((...)))........(((...)))...)))
2ZJR_10,C,blue,306,326,346,GCCGAAGU...ACACCUCAGAAGG...CCUGUAGGC,(((...((...))........(((...)))...)))
1S72_013,C,green,2550,2579,2593,UCCAUCC...GGUGAGG...CCUAUUAAAGGAG,(((..((...))..(((...)))......))))
2AW4_99,C,green,2515,2544,2557,CACAUCC...GGUAUGGC...GCCAUUUAAAGUG,(((..((...)).(((((...))))).....)))
2ZJR_92,C,green,2494,2523,2536,CGCAUCC...GGUUGGGC...GCCCAUUAAAGCG,(((..((...)).(((((...))))).....)))
1FG0_14,C,green,2548,2579,2593,CCUCCAUCC...GGUGAGG...CCUAUUAAAGGAGG,(((((..((...))..(((...)))......)))))
1S72_011,C,blue,300,319,342,CGACGAAGUCUCU...AGAGCGUGAUACAGGG...CCCGUACUCG,(((......((((...)))).........(((...)))....)))
2AW4_18,C,blue,295,314,335,GUGGAAGCG...CGCGCGAUACAGGG...CCCGUACAC,(((...(((...)))........(((...)))...)))
2ZJR_10,C,blue,306,326,346,GCCGAAGU...ACACCUCAGAAGG...CCUGUAGGC,(((...((...))........(((...)))...)))
1S72_013,C,green,2550,2579,2593,UCCAUCC...GGUGAGG...CCUAUUAAAGGAG,(((..((...))..(((...)))......))))
2AW4_99,C,green,2515,2544,2557,CACAUCC...GGUAUGGC...GCCAUUUAAAGUG,(((..((...)).(((((...))))).....)))
2ZJR_92,C,green,2494,2523,2536,CGCAUCC...GGUUGGGC...GCCCAUUAAAGCG,(((..((...)).(((((...))))).....)))
1FG0_14,C,green,2548,2579,2593,CCUCCAUCC...GGUGAGG...CCUAUUAAAGGAGG,(((((..((...))..(((...)))......)))))
1HC8_001,C,blue,102,129,149,CCAGGAUG...CAUUUAAAGAAAGC...GCUCACUGG,((((.(((...)))........(((...)))..))))
2AW4_44,C,blue,1052,1079,1099,CCAGGAUG...CAUUUAAAGAAAGC...GCUCACUGG,((((.(((...)))........(((...)))..))))
1S72_47,C,blue,1155,1184,1203,GCCGGGAG...CUCUAAGAAAAGC...GCUUACCGGC,(((((.((...))........(((...)))..)))))
1QA6_0,C,blue,102,129,149,CCAGGAUG...CAUUUAAAGAAAGC...GCUCACUGG,((((.(((...)))........(((...)))..))))
1MMS_0,C,blue,1051,1079,1099,GCUGGGAUG...CAUUUAAAGAGUGC...GCUCACCAGC,(((((.(((...))).........((...))...)))))
2ZJR_41,C,blue,1063,1090,1110,CCAGGAGG...CCUUCAAAGAGUGC...GCUCACUGG,((((.(((...))).........((...))...))))
1S72_68,C,green,1547,1564,1620,AUCACGCUGGG...CCCAGUCGAACCG...CGGCAUAGGGAAACGUGAU,(((((.(((((...))))).....(((...)))...........)))))
2ZJR_69,C,blue,1762,1816,1955,CGACUGUUUACCAAAAUCACAGCAC...GUGUGACGCC...GGCGUAACG,((....................(((...)))...((((...))))...))
1S72_014,C,red,4,66,106,GGCGGCCAUAGC...GCGUUCCGGG...CCCGGUUCGCCGCC,((((((....((...))...(((((...)))))...))))))
2AW4_0,C,red,2,67,105,GCCUGGCGGCCGUAGC...GCGCC...GGGAACUGCCAGGC,(((((((.......((...)).((...)).....)))))))
2ZJR_106,C,red,11,69,108,GCCCAUAGC...GCGCC...GGUCAGC,((.....((...)).((...))...))
1UN6_0,C,red,4,64,107,GCCGGCCACACC...GGGCC...GGUGCCGGC,((((((....((...)).((...)).))))))
1E8O_001,C,blue,101,117,140,GCCGGGCGCG...CGCGCCUGUAGUCCC...GGGAGGC,(((.((((((...)))))).....((((...)))))))
1MFQ_001,C,blue,125,166,219,GCAUCAA...UUGCCUAAGGGG...CCCGUGC,(((((((...)))......(((...)))))))
1LNG_0,C,blue,144,178,226,CGGUGGGGG...CCCCCUUUACCUGCC...GGCAGGACG,((..(((((...)))))....((((((...)))))).))
1GID_001,C,green,136,160,174,ACCAAGUC...GAUGGCC...GGGUAUGGU,(((..(((...)))..((...))....)))
1U8D_001,C,blue,15,39,71,GGACAUAUAAUCGCGUG...CACGCAAGUUCUACCGG...CCGACUAUGUCC,(((((((.....(((((...))))).........(((...)))..)))))))
1Y26_0,C,blue,15,43,67,CUUCAUAUAAUCC...GGAGUUUCUACCAAGAG...CUCUUGAUUAUGAAG,(((((((...(((...)))........((((((...))))))..)))))))
2EET_0,C,blue,16,39,70,GACAUGUAAUCGCGUG...CACGCAAGUUUCUACCGG...CCGACCAUGUC,((((((.....(((((...)))))..........(((...)))..))))))
1MME_001,C,blue,99999,99999,99999,CUGUCACCGGA...UCCGGUCUGAUGAGUCC...GGACGAAACAG,((((.((((((...)))))).......((((...))))...))))
2QUS_0,C,blue,2,26,47,GGAGCCCUGUCACCGGA...UCCGGUCUGAUGAGUCC...GGACAAAACAGGGCUCC,((((((((((.((((((...)))))).......((((...))))...))))))))))
2OEU_0,C,blue,1,11,32,GGAUGUACUA...CCAGCUGAUGAGUCC...GGACGAAACGCC,(((((.((((...)))).......((((...))))...)))))