Junction_ID,|J12|,|J23|,|J31|,J12_ID5,J23_ID5,J31_ID5,J12_ID3,J23_ID3,J31_ID3,J12,J23,J31,Family,Coaxial
1NKW_24,6.0,9.0,19.0,0.G24,0.G485,0.G506,0.C31,0.C495,0.C526,GUGGAUGC,GUGAAAAGAAC,GAGUGAAAGAGAACCUGAAAC,C,H1H2
1S72_21,6.0,10.0,20.0,0.G21,0.C480,0.G501,0.G28,0.C491,0.U522,GUGGAUUG,CUGCAAAGUACC,GAGGCGAAAUAGAGCAUGAAAU,C,H1H2
2AW4_25,,,,,,,,,,,,,C,H1H2
2J01_24,6.0,9.0,19.0,A.G24,A.G474,A.G496,A.C31,A.C484,A.C516,GUGGAUGC,GUGAAAAGAAC,GAGUGAAAUAGAGCCUGAAAC,C,H1H2
1NKW_32,2.0,14.0,4.0,0.C32,0.C457,0.G479,0.G35,0.C472,0.G484,CCUG,CGAUAGCGCAUAGUAC,GGAAAG,A,H1H2
1S72_29,2.0,15.0,4.0,0.C29,0.C451,0.C474,0.G32,0.G467,0.G479,CUCG,CGAUAGUGAACAAGUAG,CGAACG,A,H1H2
2AW4_32,2.0,15.0,4.0,B.C32,B.C445,B.G468,B.G35,B.C461,B.G473,CCUG,CGAUAGUGAACCAGUAC,GGAAAG,A,H1H2
2J01_32,2.0,15.0,4.0,A.C32,A.C445,A.G468,A.G35,A.C461,A.G473,CUCG,CGAUAGCGCACCAGUAC,GGAAAG,A,H1H2
1NKW_55,0.0,5.0,3.0,0.A55,0.G69,0.G108,0.C56,0.C75,0.U112,AC,GAAAAGC,GAUGU,A,H1H2
1S72_52,0.0,5.0,3.0,0.A52,0.G66,0.G105,0.C53,0.C72,0.U109,AC,GAUAAGC,GAUUU,A,H1H2
2AW4_56,0.0,5.0,3.0,B.A56,B.G70,B.G110,B.C57,B.C76,B.U114,AC,GAUAAGC,GAUUU,A,H1H2
2J01_56,0.0,5.0,3.0,A.A56,A.G70,A.G110,A.C57,A.C76,A.U114,AC,GAUAAGC,GAUGU,A,H1H2
1NKW_308,3.0,8.0,3.0,0.C308,0.C327,0.U348,0.G312,0.A336,0.G352,CGAAG,CACCUCAGAA,UGUAG,C,H1H3
1S72_302,6.0,9.0,4.0,0.A302,0.G322,0.C344,0.C309,0.G332,0.U349,ACGAAGUC,GCGUGAUACAG,CGUACU,C,H1H3
2AW4_297,3.0,8.0,3.0,B.G297,B.C316,B.C337,B.G301,B.G325,B.C341,GGAAG,CGCGAUACAG,CGUAC,C,H1H3
2J01_297,3.0,8.0,3.0,A.C297,A.C316,A.C337,A.G301,A.G325,A.G341,CGAAG,CGCCAGAGAG,CGUAG,C,H1H3
1NKW_696,5.0,3.0,6.0,0.U696,0.U786,0.U800,0.A702,0.A790,0.A807,UGAGCUA,UAGGA,UAACCGAA,C,H1H2
1S72_774,5.0,3.0,6.0,0.C774,0.U866,0.C880,0.A780,0.G870,0.G887,CGAUCUA,UAGGG,CCAUCGAG,C,H1H2
2AW4_683,5.0,3.0,6.0,B.U683,B.U773,B.C787,B.A689,B.G777,B.A794,UGAUCUA,UGGGG,CAAUCAAA,C,H1H2
2J01_683,5.0,3.0,6.0,A.C683,A.U773,A.U787,A.A689,A.A777,A.G794,CGAGCUA,UAGGA,UAACCGAG,C,H1H2
1NKW_710,2.0,3.0,4.0,0.C710,0.C745,0.G773,0.G713,0.C749,0.G778,CCAG,CGAAC,GAUGAG,B,H2H3
1S72_788,2.0,4.0,4.0,0.A788,0.U823,0.C853,0.A791,0.G828,0.U858,ACAA,UGUUAG,CGUGAU,B,H2H3
2AW4_697,2.0,3.0,4.0,B.G697,B.C732,B.G760,B.G700,B.C736,B.C765,GCAG,CGAAC,GAUGAC,B,H2H3
2J01_697,2.0,3.0,4.0,A.C697,A.C732,A.G760,A.G700,A.C736,A.G765,CCAG,CGAAC,GAUGAG,B,H2H3
1NKW_1066,,,,,,,,,,,,,C,H1H3
1S72_1159,1.0,8.0,2.0,0.G1159,0.U1185,0.U1205,0.A1161,0.A1194,0.C1208,GGA,UCUAAGAAAA,UUAC,C,H1H3
2AW4_1055,1.0,8.0,2.0,B.G1055,B.U1081,B.U1101,B.A1057,B.A1090,B.C1104,GGA,UUUAAAGAAA,UCAC,C,H1H3
1NKW_1311,4.0,1.0,2.0,0.C1311,0.C1641,0.U1656,0.G1316,0.A1643,0.G1659,CGUAAG,CGA,UAAG,A,H1H3
1S72_1404,4.0,2.0,2.0,0.C1404,0.C1700,0.C1715,0.G1409,0.G1703,0.G1718,CUAAUG,CAUG,CAAG,A,H1H3
2AW4_1298,4.0,1.0,2.0,B.C1298,B.C1625,B.C1639,B.G1303,B.G1627,B.G1642,CGGAAG,CAG,CAAG,A,H1H3
2J01_1298,4.0,1.0,2.0,A.C1298,A.C1625,A.U1639,A.G1303,A.G1627,A.G1642,CGUAAG,CGG,UCAG,A,H1H3
1NKW_1319,2.0,5.0,1.0,0.C1319,0.C1621,0.G1636,0.G1322,0.C1627,0.G1638,CAAG,CGCAAAC,GUG,A,H1H2
1S72_1412,2.0,5.0,1.0,0.U1412,0.C1680,0.G1695,0.G1415,0.C1686,0.G1697,UAAG,CGAGAAC,GUG,A,H1H2
2AW4_1306,2.0,5.0,1.0,B.C1306,B.C1605,B.G1620,B.G1309,B.C1611,B.G1622,CAAG,CCCAAAC,GUG,A,H1H2
2J01_1306,2.0,5.0,1.0,A.C1306,A.C1605,A.G1620,A.G1309,A.C1611,A.G1622,CAAG,CGCAAAC,GUG,A,H1H2
1UN6_9,4.0,0.0,0.0,E.C9,E.G65,E.U109,E.C14,E.G66,E.G110,CCACAC,GG,UG,C,H2H3
1Y26_21,3.0,8.0,2.0,X.A21,X.A45,X.G72,X.U25,X.C54,X.U75,AUAAU,AGUUUCUACC,GAUU,C,H1H3
2AVY_586,1.0,3.0,3.0,A.C586,A.C651,A.U751,A.G588,A.A655,A.G755,CGG,CUUGA,UGACG,A,H2H3
1S72_1551,0.0,4.0,11.0,0.C1551,0.U1569,0.G1622,0.G1552,0.C1574,0.G1634,CG,UCGAAC,GCAUAGGGAAACG,C,H1H2
2J01_1444,1.0,0.0,13.0,A.G1444,A.G1466,A.G1525,A.C1445^A,A.C1467,A.C1547,GAC,GC,GGGAAGCCCGCAACC,C,H1H2
1NKW_2073,,,,,,,,,,,,,A,H2H3
1S72_2131,2.0,3.0,5.0,0.G2131,0.C2241,0.G2256,0.G2134,0.C2245,0.C2262,GCUG,CUCAC,GGACACC,A,H2H3
2AW4_2091,1.0,3.0,4.0,B.C2091,B.C2196,B.G2223,B.G2093,B.C2200,B.G2228,CUG,CUAAC,GGACAG,A,H2H3
2J01_2091,1.0,3.0,4.0,A.U2091,A.C2196,A.G2223,A.G2093,A.C2200,A.G2228,UUG,CUAAC,GGACAG,A,H2H3
2AVY_1116,1.0,5.0,8.0,A.U1116,A.A1155,A.G1175,A.U1118,A.C1161,A.G1184,UAU,AGACUGC,GAGGAAGGUG,C,H1H2
2AW4_10,5.0,1.0,3.0,A.G10,A.C68,A.G106,A.G16,A.C70,A.C110,GCCGUAG,CGC,GGAAC,C,H2H3
1NKW_2496,2.0,1.0,5.0,0.C2496,0.G2524,0.A2540,0.C2499,0.U2526,0.G2546,CAUC,GUU,AUUAAAG,C,H1H2
1S72_2552,2.0,2.0,6.0,0.C2552,0.G2580,0.U2595,0.C2555,0.A2583,0.G2602,CAUC,GUGA,UAUUAAAG,C,H1H2
2AW4_2517,2.0,1.0,5.0,B.C2517,B.G2545,B.U2561,B.C2520,B.A2547,B.G2567,CAUC,GUA,UUUAAAG,C,H1H2
2J01_2517,2.0,1.0,5.0,A.C2517,A.G2545,A.A2561,A.C2520,A.U2547,A.G2567,CAUC,GUU,AUUAAAG,C,H1H2
1NKW_2789,0.0,4.0,3.0,0.U2789,0.G2806,0.C2857,0.C2790,0.G2811,0.A2861,UC,GUUAAG,CAUCA,A,H1H2
1S72_2831,0.0,4.0,3.0,0.C2831,0.G2848,0.A2905,0.C2832,0.U2853,0.G2909,CC,GUCGAU,AACAG,A,H1H2
2AW4_2812,2.0,4.0,5.0,B.G2812,B.G2831,B.A2882,B.C2815,B.U2836,B.C2888,GAAC,GUUGAU,AAUGAAC,A,H1H2
2J01_2814,0.0,4.0,3.0,A.C2814,A.G2831,A.A2882,A.C2815,A.U2836,A.G2886,CC,GUGGAU,AAUCG,A,H1H2
1NKW_12,5.0,1.0,3.0,9.C12,9.C70,9.G109,9.G18,9.C72,9.G113,CCCAUAG,CGC,GUCAG,C,H2H3
1S72_9,4.0,3.0,3.0,9.C9,9.C67,9.G110,9.G14,9.C71,9.G114,CCACAG,CGUUC,GUUCG,C,H2H3
2J01_11,4.0,0.0,1.0,B.C11,B.C68,B.U108,B.G16,B.G69,B.G110,CCAUAG,CG,UCG,C,H2H3
2J00_46,5.0,9.0,2.0,A.G46,A.U359,A.G392,A.G52,A.C369,A.C395,GCCUAAG,UAGGAAUCUUC,GAGC,C,H1H3
2AVY_46,5.0,9.0,2.0,A.G46,A.G359,A.C392,A.C52,A.G369,A.C395,GCCUAAC,GGGGAAUAUUG,CAGC,C,H1H3
2J00_586,1.0,3.0,3.0,A.C586,A.C651,A.U751,A.G588,A.A655,A.G755,CGG,CUAGA,UGACG,A,H2H3
2J00_672,5.0,12.0,1.0,A.U672,A.A712,A.C732,A.U678,A.G725,A.G734,UGGAAUU,AGGAACGCCGAUGG,CAG,A,H1H2
2AVY_672,5.0,12.0,1.0,A.U672,A.A712,A.C732,A.U678,A.G725,A.G734,UAGAAUU,AGGAAUACCGGUGG,CGG,A,H1H2
2J00_826,2.0,3.0,5.0,A.C826,A.C857,A.C868,A.G829,A.G861,A.G874,CUAG,CGAAG,CGUUAAG,A,H2H3
2AVY_826,2.0,3.0,5.0,A.C826,A.C857,A.C868,A.G829,A.G861,A.G874,CUUG,CGGAG,CGUUAAG,A,H2H3
2ZJR_12,5.0,1.0,3.0,Y.C12,Y.C70,Y.G109,Y.G18,Y.C72,Y.G113,CCCAUAG,CGC,GUCAG,C,H2H3
2ZJR_696,5.0,3.0,6.0,X.U696,X.U786,X.U800,X.A702,X.A790,X.A807,UGAGCUA,UAGGA,UAACCGAA,B,H1H2
2ZJR_710,2.0,3.0,4.0,X.C710,X.C745,X.G773,X.G713,X.C749,X.G778,CCAG,CGAAC,GAUGAG,B,H2H3
2ZJR_55,0.0,5.0,3.0,X.A55,X.G69,X.G108,X.C56,X.C75,X.U112,AC,GAAAAGC,GAUGU,A,H1H2
2J00_990,6.0,2.0,4.0,A.C990,A.A1044,A.C1210,A.U997,A.G1047,A.G1215,CUUGACAU,ACAG,CUUACG,B,H2H3
2AVY_990,6.0,2.0,4.0,A.C990,A.A1044,A.C1210,A.U997,A.G1047,A.G1215,CUUGACAU,ACAG,CUUACG,B,H2H3
2J00_1001,,,,,,,,,,,,,B,H1H3
2AVY_1003,2.0,3.0,2.0,A.G1003,A.U1023,A.G1034,A.G1006,A.C1027,A.C1037,GAAG,UGUGC,GAAC,B,H1H3
2ZJR_2074,5.0,7.0,4.0,X.U2074,X.A2175,X.G2202,X.U2080,X.C2183,X.G2207,UUGGGAU,AUUUCUAAC,GGACCG,A,H2H3
2ZJR_2496,2.0,1.0,5.0,X.C2496,X.G2524,X.A2540,X.C2499,X.U2526,X.G2546,CAUC,GUU,AUUAAAG,C,H1H2
2J00_1073,0.0,3.0,3.0,A.U1073,A.U1083,A.C1098,A.G1074,A.G1087,A.A1102,UG,UGUUG,CGCAA,C,H1H2
2AVY_1073,0.0,3.0,3.0,A.U1073,A.U1083,A.C1098,A.G1074,A.G1087,A.A1102,UG,UGUUG,CGCAA,C,H1H2
2J00_1116,1.0,5.0,8.0,A.C1116,A.G1155,A.G1175,A.C1118,A.C1161,A.G1184,CGC,GGACUGC,GAGGAAGGAG,C,H1H2
1NYI_15,7.0,4.0,2.0,A.U15,B.C104,B.G118,A.G23,B.C109,B.A121,UCUGAUGAG,CGAAAC,GUCA,C,H2H3
1E8O_103,0.0,4.0,0.0,E.C103,E.U123,E.A143,E.G104,E.U128,E.G144,CG,UGUAGU,AG,C,H1H3
1L9A_128,0.0,6.0,1.0,B.U128,B.G168,B.C220,B.C129,B.G177,B.G222,UC,GCCUAGAG,CCG,C,H1H3
1LNG_145,2.0,4.0,1.0,B.G145,B.C182,B.G231,B.G148,B.C187,B.C233,GGUG,CUUUAC,GAC,C,H1H3
2CZJ_5,,,,,,,,,,,,,C,H1H3
1U8D_21,5.0,10.0,2.0,A.A21,A.C43,A.G72,A.G27,A.C54,A.U75,AUAAUCG,CAAGUUUCUACC,GACU,C,H1H2
2B57_21,5.0,10.0,2.0,A.A21,A.C43,A.G72,A.G27,A.C54,A.U75,AUAAUCG,CAAGUUUCUACC,GAUU,C,H1H3
2EES_21,5.0,10.0,2.0,A.U21,A.C43,A.G72,A.G27,A.C54,A.A75,UUAAUCG,CAAGUUUCUACC,GACA,C,H1H3
2HO7_6,,,,,,,,,,,,,C,H1H2
2NZ4_6,,,,,,,,,,,,,C,H1H2
2GDI_14,0.0,5.0,2.0,X.U14,X.G51,X.G82,X.C15,X.C57,X.A85,UC,GUAUCAC,GGAA,A,H1H2
2HOJ_14,0.0,5.0,2.0,A.U14,A.G51,A.G82,A.C15,A.C57,A.A85,UC,GUAUCAC,GGAA,A,H1H2
2CKY_5,1.0,5.0,4.0,A.C5,A.U39,A.G70,A.A7,A.C45,A.G75,CCA,UUUGAAC,GGAGUG,A,H1H2
2QBZ_54,1.0,5.0,4.0,X.C54,X.U85,X.U115,X.G56,X.G91,X.G120,CUG,UCAACAG,UUAAUG,A,H1H2
2OIU_7,0.0,2.0,3.0,P.C7,P.C17,P.A41,P.G8,P.U20,P.G45,CG,CGUU,ACAGG,B,H1H2
1U6B_46,4.0,0.0,13.0,B.C46,B.A93,B.U124,B.U51,B.G94,B.G138,CAAAUU,AG,UGUAGAGACUAGACG,B,H2H3
1X8W_138,2.0,2.0,4.0,A.C138,A.U162,A.G175,A.G141,A.C165,A.G180,CAAG,UGGC,GGUAUG,C,H1H2
2A64_13,1.0,0.0,17.0,A.C13,A.C344,A.U384,A.G15,A.G345,A.G402,CGG,CG,UACAGAACAUGGCUUAUAG,A,H2H3
2A64_62,0.0,5.0,0.0,A.C62,A.U81,A.A249,A.A63,A.U87,A.G250,CA,UAGUGUU,AG,C,H1H2
2A64_140,1.0,5.0,0.0,A.G140,A.C184,A.C242,A.G142,A.G190,A.C243,GCG,CUGAAAG,CC,C,H1H3
1NBS_133,1.0,5.0,0.0,A.G133,A.U174,A.C232,A.A135,A.G180,A.C233,GCA,UUGAAAG,CC,C,H1H3
3E5C_6,2.0,4.0,0.0,A.C6,A.U35,A.G47,A.A9,A.C40,A.G48,CGAA,UGUAAC,GG,B,H2H3
3EGZ_5,3.0,0.0,7.0,B.G5,B.C27,B.A53,B.G9,B.U28,B.C61,GAGAG,CU,AAAACAUAC,C,H2H3
3KTW_144,3.0,4.0,2.0,C.U144,C.G184,C.G230,C.C148,C.C190,C.A234,UAGUC,GUUGAC,GCUA,C,H1H3
3MXH_14,6.0,3.0,3.0,R.G14,R.C46,R.U89,R.G21,R.G50,R.C93,GCACAGGG,CAAAG,UUACC,B,H1H2
1FG0_2131,2.0,3.0,5.0,A.G2131,A.C2241,A.G2256,A.G2134,A.C2245,A.C2262,GCUG,CUCAC,GGACACC,A,H2H3
1FG0_2552,2.0,2.0,6.0,A.C2552,A.G2580,A.U2595,A.C2555,A.A2583,A.G2602,CAUC,GUGA,UAUUAAAG,C,H1H2
1GID_138,2.0,2.0,4.0,A.C138,A.U162,A.G175,A.G141,A.C165,A.G180,CAAG,UGGC,GGUAUG,C,H1H2
1J5E_46,5.0,9.0,2.0,A.G46,A.U359,A.G392,A.G52,A.C369,A.C395,GCCUAAG,UAGGAAUCUUC,GAGC,C,H1H3
1J5E_586,1.0,3.0,3.0,A.C586,A.C651,A.U751,A.G588,A.A655,A.G755,CGG,CUAGA,UGACG,A,H2H3
1J5E_672,5.0,12.0,1.0,A.U672,A.A712,A.C732,A.U678,A.G725,A.G734,UGGAAUU,AGGAACGCCGAUGG,CAG,A,H1H2
1J5E_826,2.0,3.0,5.0,A.C826,A.C857,A.C868,A.G829,A.G861,A.G874,CUAG,CGAAG,CGUUAAG,A,H2H3
1J5E_936,2.0,5.0,6.0,A.C936,A.C1344,A.U1372,A.G939,A.A1350,A.G1379,CAAG,CUAGUAA,UGAAUACG,B,H1H2
1J5E_955,6.0,10.0,3.0,A.U955,A.G973,A.G1221,A.C962,A.C984,A.A1225,UUUAAUUC,GAAGAACCUUAC,GGCGA,C,H2H3
1J5E_990,6.0,2.0,4.0,A.C990,A.A1044,A.C1210,A.U997,A.G1047,A.G1215,CUUGACAU,ACAG,CUUACG,B,H2H3
1J5E_1002,6.0,5.0,4.0,A.G1002,A.G1021,A.G1034,A.C1008,A.C1027,A.C1039,GGGAACCC,GGGGUGC,GAGCCC,B,H1H3
1J5E_1063,,,,,,,,,,,,,A,H2H3
1J5E_1073,0.0,3.0,3.0,A.U1073,A.U1083,A.C1098,A.G1074,A.G1087,A.A1102,UG,UGUUG,CGCAA,C,H1H2
1J5E_1116,1.0,5.0,8.0,A.C1116,A.G1155,A.G1175,A.C1118,A.C1161,A.G1184,CGC,GGACUGC,GAGGAAGGAG,C,H1H2
1MFQ_128,2.0,10.0,1.0,A.U128,A.U166,A.C220,A.A131,A.G177,A.G222,UCAA,UUGCCUAAGGAG,CCG,C,H1H3
1MMS_1055,1.0,9.0,3.0,C.G1055,C.U1081,C.C1100,C.A1057,C.G1091,C.C1104,GGA,UUUAAAGAGUG,CUCAC,C,H1H3
1QA6_105,1.0,8.0,2.0,C.G105,C.U131,C.U151,C.A107,C.A140,C.C154,GGA,UUUAAAGAAA,UCAC,C,H1H3
3D2G_6,,,,,,,,,,,,,B,H1H2
2EET_21,5.0,10.0,2.0,A.G21,A.C43,A.G72,A.G27,A.C54,A.C75,GUAAUCG,CAAGUUUCUACC,GACC,C,H1H3
